cas_min,bez_vicka_C,s_vickem_C,okoli_C
0,86.7,,22.4
1,,85.4,
2,83.4,,
3,,83.0,
4,79.8,,
5,,81.2,
6,76.7,,
7,,79.6,
8,73.8,,
9,,77.1,
10,70.9,,
11,,75.6,
12,68.3,,
13,,73.9,
14,66.0,,
15,,72.9,
16,63.7,,
17,,71.1,
18,61.8,,
19,,69.3,
20,59.7,,
21,,67.7,
22,57.8,,
23,,66.4,
24,56.2,,
25,,65.1,
26,54.4,,
27,,64.0,
28,52.9,,
29,,62.4,
30,51.6,,
31,,61.4,
35,47.9,,
36,,58.3,
40,45.1,,
41,,55.5,
45,42.5,,22.6
46,,53.0,
50,40.3,,
51,,50.8,
55,38.3,,
56,,48.8,
60,36.6,,
61,,46.9,
65,35.0,,
66,,45.2,
70,33.7,,
71,,43.2,
75,32.7,,
76,,41.7,
80,31.2,,
81,,40.3,
85,30.5,,
86,,38.9,
90,29.7,,22.8
91,,37.8,
