metoda,ruka,doba_dne,h (cm),t (s)
pravitko,dominantni,rano,22.0,
pravitko,dominantni,rano,22.5,
pravitko,dominantni,rano,28.0,
pravitko,dominantni,rano,22.0,
pravitko,dominantni,rano,19.5,
pravitko,dominantni,rano,28.5,
pravitko,dominantni,rano,18.0,
pravitko,dominantni,rano,23.5,
pravitko,dominantni,rano,16.5,
pravitko,dominantni,rano,19.5,
pravitko,dominantni,rano,16.5,
pravitko,dominantni,rano,21.0,
pravitko,nedominantni,rano,19.5,
pravitko,nedominantni,rano,26.0,
pravitko,nedominantni,rano,17.5,
pravitko,nedominantni,rano,18.0,
pravitko,nedominantni,rano,16.0,
pravitko,nedominantni,rano,21.5,
pravitko,nedominantni,rano,15.0,
pravitko,nedominantni,rano,32.0,
pravitko,nedominantni,rano,16.0,
pravitko,nedominantni,rano,16.0,
pravitko,nedominantni,rano,20.0,
pravitko,nedominantni,rano,17.5,
pravitko,dominantni,vecer,13.0,
pravitko,dominantni,vecer,22.5,
pravitko,dominantni,vecer,19.5,
pravitko,dominantni,vecer,18.0,
pravitko,dominantni,vecer,20.5,
pravitko,dominantni,vecer,17.0,
pravitko,dominantni,vecer,13.5,
pravitko,dominantni,vecer,18.0,
pravitko,dominantni,vecer,13.0,
pravitko,dominantni,vecer,13.5,
pravitko,dominantni,vecer,13.0,
pravitko,dominantni,vecer,14.5,
pravitko,nedominantni,vecer,19.5,
pravitko,nedominantni,vecer,14.5,
pravitko,nedominantni,vecer,18.0,
pravitko,nedominantni,vecer,19.5,
pravitko,nedominantni,vecer,22.0,
pravitko,nedominantni,vecer,17.5,
pravitko,nedominantni,vecer,21.0,
pravitko,nedominantni,vecer,13.5,
pravitko,nedominantni,vecer,19.0,
pravitko,nedominantni,vecer,25.0,
pravitko,nedominantni,vecer,13.5,
pravitko,nedominantni,vecer,17.0,
program,dominantni,rano,,0.275
program,dominantni,rano,,0.340
program,dominantni,rano,,0.248
program,dominantni,rano,,0.229
program,dominantni,rano,,0.256
program,dominantni,rano,,0.236
program,dominantni,rano,,0.260
program,dominantni,rano,,0.214
program,dominantni,rano,,0.253
program,dominantni,rano,,0.276
program,dominantni,rano,,0.265
program,dominantni,rano,,0.306
program,dominantni,rano,,0.305
program,dominantni,rano,,0.253
program,dominantni,rano,,0.270
program,dominantni,vecer,,0.296
program,dominantni,vecer,,0.249
program,dominantni,vecer,,0.244
program,dominantni,vecer,,0.348
program,dominantni,vecer,,0.283
program,dominantni,vecer,,0.209
program,dominantni,vecer,,0.265
program,dominantni,vecer,,0.299
program,dominantni,vecer,,0.236
program,dominantni,vecer,,0.225
program,dominantni,vecer,,0.257
program,dominantni,vecer,,0.204
program,dominantni,vecer,,0.219
program,dominantni,vecer,,0.226
program,dominantni,vecer,,0.237
