patro,smer,cas_min,h_metr_m,p_hPa,teplota_C
0,nahoru,0.0,0.00,986.53,18.6
1,nahoru,0.9,2.80,986.20,18.8
2,nahoru,1.9,5.60,985.90,19.1
3,nahoru,3.0,8.40,985.57,19.3
4,nahoru,4.2,11.20,985.27,18.8
5,nahoru,5.2,14.00,984.96,18.8
6,nahoru,6.1,16.80,984.65,19.0
7,nahoru,7.2,19.60,984.34,19.1
8,nahoru,8.1,22.40,984.03,19.1
8,dolu,9.2,22.40,984.02,19.0
7,dolu,10.2,19.60,984.37,18.9
6,dolu,11.3,16.80,984.70,18.7
5,dolu,12.3,14.00,985.03,18.9
4,dolu,13.6,11.20,985.35,19.2
3,dolu,14.6,8.40,985.70,19.0
2,dolu,15.5,5.60,986.03,18.9
1,dolu,16.6,2.80,986.37,19.0
0,dolu,17.8,0.00,986.69,18.9
